,Country,Regional Indicator,Population density (people per sq. km of land area),GDP per capita (current US$),"PM2.5 air pollution, mean annual exposure (micrograms per cubic meter)",Forest area (% of land area),Consumer price index (2010 = 100),Life expectancy at birth (years),Mean years of schooling (years),Gender Development Index (GDI),"Unemployment, total (% of labour force)","Carbon dioxide emissions, production emissions per capita (tonnes)",Healthy life expectancy (HALE) at birth (years),Current health expenditure (CHE) as percentage of gross domestic product (GDP) (%),Age-standardized suicide rates (per 100 000 population),"Person held per 100,000 population",Happiness Index
0,Finland,Western Europe,18.146601079231367,48313.4367959024,5.86133100081928,73.7332192682285,111.17516112701134,81.73566666666667,12.805666666666667,0.9899999999999999,7.532,8.31,70.99583,9.09,14.079100000000002,54.22686266966667,7.808700085
1,Denmark,Western Europe,144.77531666666667,59659.254048820265,10.0296534385694,15.663833333333335,109.499151861441,80.78833333333334,12.610999999999999,0.9816666666666666,5.210333333333334,6.061,71.03516,10.055,8.03,63.578917098,7.645599842
2,Switzerland,Western Europe,215.45221858909733,85025.00435605017,10.3031001048906,31.942226989907635,99.0002367261161,83.62766666666667,13.288333333333334,0.9676666666666667,4.697,4.4195,72.52425,11.89,10.0261,77.20603376300001,7.559899807
3,Iceland,Western Europe,3.49985372447753,71807.13843934036,6.48114726265749,0.4971922700768987,125.39641912972866,82.85666666666667,12.558000000000002,0.9686666666666666,2.7626666666666666,10.7955,71.98051,8.405000000000001,10.977633333333332,40.680056487,7.504499912
4,Norway,Western Europe,14.549638434733632,77863.5484192587,6.95651980294718,33.316819417917095,117.51274394474099,82.27233333333334,12.842999999999998,0.9903333333333334,3.7693333333333334,8.2775,71.36238,10.185,10.139,74.8201041185,7.487999916
5,Netherlands,Western Europe,511.90767250767266,51349.964961925965,12.0344080729237,10.9187209187209,113.294573290752,82.14233333333333,12.345999999999998,0.9666666666666667,3.955,9.5685,71.43514,10.015,9.323333333333332,66.04461840766668,7.448900223
6,Sweden,Western Europe,24.970169322301633,53439.99962014333,6.18466509039924,68.6946060739977,108.52437457583368,82.65666666666668,12.466666666666667,0.9823333333333334,6.513333333333333,4.1795,71.91155,10.844999999999999,12.518799999999999,61.97962721766667,7.353499889
7,New Zealand,North America and ANZ,18.6010152798349,43018.060513526325,5.95600112941562,37.435620877799295,112.43753671470999,82.14566666666667,12.712666666666669,0.964,4.356333333333333,7.4955,70.23531,9.115,11.032333333333334,209.59882215566665,7.299600124
8,Austria,Western Europe,107.11749474874767,49629.280186066964,12.4779667308248,47.16396025206013,116.11186872861633,81.438,12.554666666666668,0.965,5.007000000000001,7.84,70.94293,10.355,10.787433333333334,101.57469064633335,7.294199944
9,Luxembourg,Western Europe,250.24513031550032,113445.74216229767,10.3646374004433,36.5020576131687,113.20562987229634,82.10233333333333,12.234333333333334,0.9753333333333334,5.489999999999999,15.7365,71.55128,5.275,8.06,103.39363591866667,7.237500191
10,Canada,North America and ANZ,4.134468822836349,45970.25749061457,6.42838313258525,38.70376257074733,114.422343064301,82.31833333333333,13.331999999999999,0.9886666666666667,5.911666666666666,15.4405,71.25137,10.79,10.837166666666667,107.747748631,7.23210001
11,Australia,North America and ANZ,3.24796750398465,55330.105177180936,8.55032440147794,17.421847577099367,117.79396462018731,83.281,12.697000000000001,0.976,5.385666666666666,16.921,70.93405,9.245000000000001,11.435533333333334,173.9147986195,7.222799778
12,United Kingdom,Western Europe,274.673845051599,42525.068637900265,10.4726903888942,13.1153639482495,117.38178903889998,81.24133333333333,13.027666666666667,0.9686666666666666,4.060666666666666,5.7255,70.13491,9.915,7.066666666666666,141.14548665249998,7.164500237
13,Israel,Middle East and North Africa,410.5067775723967,42262.94348845717,21.3811022400146,6.46950092421442,107.282888052119,82.81733333333334,12.984333333333334,0.973,4.0246666666666675,7.757,72.37872,7.51,5.123333333333333,232.796405403,7.128600121
14,Costa Rica,Latin America and Caribbean,97.90415850633245,12468.2754484485,15.7259203021082,58.79618749183967,126.16821174550365,80.09633333333333,8.692,0.98,9.876,1.5955,69.97371,7.445,6.733333333333333,175.2973053865,7.121399879
15,Ireland,Western Europe,70.68778245512168,76519.0914107207,8.20857673526837,11.235592974306869,105.75222521817265,82.095,12.572666666666668,0.9783333333333334,5.793333333333333,8.1135,71.07451,7.04,9.133333333333333,80.63837160199999,7.093699932
16,Germany,Western Europe,237.23749869981665,46429.12510328257,12.028767360745,32.6839228017867,111.15132743502534,81.18299999999999,14.138666666666666,0.9696666666666666,3.391,9.3925,70.89113,11.375,8.356666666666667,78.12519406966665,7.075799942
17,United States,North America and ANZ,35.72192231980896,62817.86772060536,7.40944166188307,33.8669264120375,114.93768533444234,78.85733333333333,13.413000000000002,0.9940000000000001,3.9776666666666673,16.386000000000003,66.11826,16.945,14.338033333333334,647.2324849776668,6.939599991
18,Czech Republic,Central and Eastern Europe,137.71530155963868,22572.028124305634,16.0712453523646,34.6289463509228,113.53102789225333,79.22,12.697666666666668,0.985,2.3553333333333333,9.929,68.78941,7.44,10.501566666666667,202.48435100466668,6.910900116
19,Belgium,Western Europe,377.49000440334635,46066.7849303819,12.8865184713072,22.7642007926024,115.23032847675766,81.46766666666667,12.024666666666667,0.9729999999999999,6.207666666666667,8.6115,70.55695,10.365,14.280700000000001,87.9670390415,6.863500118
20,United Arab Emirates,Middle East and North Africa,135.58949591664336,42395.1862407819,40.9175098248731,4.46775556181357,114.869118075394,77.81033333333333,12.110999999999999,0.9283333333333333,2.3466666666666667,21.2165,65.99278,4.1850000000000005,5.01,,6.790800095
21,Malta,Western Europe,1517.3864583333332,29703.061993620202,13.9095433663149,1.3958333333333333,111.80471133689367,82.37566666666667,11.300666666666666,0.9666666666666667,3.7300000000000004,3.6390000000000002,71.45852,9.08,5.1433333333333335,150.24380722200002,6.772799969
22,France,Western Europe,122.52537239654198,40278.79592983719,11.8149636162893,31.204422553268433,108.58511206133,82.54433333333334,11.438,0.9873333333333334,8.961,5.2715,72.08364,11.325,10.0346,107.54924463966667,6.663799763
23,Mexico,Latin America and Caribbean,64.9097005238475,9641.76153145449,20.9211157874081,33.924541954954236,136.105658053017,74.99633333333334,8.656,0.961,3.376,3.8659999999999997,65.75757,5.445,5.513333333333333,157.73980657233332,6.465000153
24,Taiwan Province of China,East Asia,,,,,,,,,,,,,,65.992919889,6.45539999
25,Uruguay,Latin America and Caribbean,19.707587704262366,18360.923046759635,9.27488332030728,11.364415495371967,188.60609174730965,77.77066666666666,8.834333333333333,1.016,8.319,1.9815,67.50924,9.36,18.73953333333333,317.411619497,6.440100193
26,Saudi Arabia,Middle East and North Africa,15.672409975391801,22426.427281241067,87.9454466778152,0.454484134921779,119.12037459363533,75.00066666666667,10.178333333333335,0.8823333333333333,5.952333333333333,18.78,64.01756,6.68,5.580000000000001,147.73614611666667,6.406499863
27,Spain,Western Europe,93.76085376360113,29335.2180129631,9.69792786284953,37.1580380966733,109.84251643012834,83.43233333333333,10.229333333333335,0.9823333333333334,15.479333333333335,5.814,72.08696,8.96,5.476666666666667,125.79816900066665,6.400899887
28,Guatemala,Latin America and Caribbean,152.539486126664,4523.702579513344,24.0706489340746,33.137364688316495,137.860499512982,74.05766666666666,6.519666666666667,0.9416666666666665,2.4410000000000003,1.0114999999999998,62.30202,5.76,6.183333333333334,143.24918403433333,6.398900032
29,Italy,Western Europe,203.12184968156865,33524.5235626558,16.7507119446607,31.897261550774868,109.76333925437667,83.34866666666666,10.312333333333333,0.9686666666666666,10.569333333333333,5.6635,71.91969,8.675,4.53,100.30422234266666,6.38740015
30,Singapore,Southeast Asia,7971.085096379877,64498.73693321007,19.0782564997534,22.468265162200268,113.81147960367299,83.45233333333333,11.549333333333331,0.9859999999999999,4.109333333333334,7.103,73.55164,4.4399999999999995,8.22,207.08400345200002,6.377099991
31,Brazil,Latin America and Caribbean,25.059509412381203,9325.870198001567,12.7066294740724,59.6999452031194,161.48015356466166,75.66933333333333,7.887666666666667,0.9943333333333334,12.412999999999998,2.2075,65.39831,9.49,6.37,353.528974003,6.375599861
32,Slovenia,Central and Eastern Europe,103.10503303334133,25167.6674296869,16.0239799760869,61.67247689154783,109.24086581615366,81.16933333333333,12.466,1.0026666666666666,5.289000000000001,6.906499999999999,70.73966,8.245000000000001,13.681633333333332,65.105618428,6.363399982
33,El Salvador,Latin America and Caribbean,309.884395109395,4043.536705816741,24.4722922946922,28.6138996138996,110.77294891798101,73.096,6.890000000000001,0.9740000000000001,4.167000000000001,1.1055000000000001,64.87102,7.17,6.113333333333333,619.5843023065,6.34829998
34,Kosovo,Central and Eastern Europe,164.508404519151,4269.84607869398,,,115.614553061477,,,,,,,,,94.59950392533334,6.325200081
35,Panama,Latin America and Caribbean,56.32127747062646,15488.554177021468,11.4000543321554,57.13031834710353,122.05007054488833,78.32933333333334,10.193333333333333,1.0119999999999998,3.898666666666667,2.5775,68.6833,7.085,2.9966666666666666,394.93433718899996,6.304800034
36,Slovakia,Central and Eastern Europe,113.28445646145333,18726.2626517989,17.5629113438527,40.05615640599,112.42493116765534,77.38233333333334,12.645999999999999,0.9923333333333333,6.7426666666666675,6.6105,68.53625,6.73,9.43,188.75597501566668,6.280600071
37,Uzbekistan,Commonwealth of Independent States,74.84702825887423,1765.94759838688,28.455901201856,8.257518848724766,,71.56366666666668,11.756333333333332,0.9380000000000001,5.827666666666666,2.8645,64.68004,5.1850000000000005,8.643333333333333,,6.257599831
38,Chile,Latin America and Caribbean,25.173377877482068,15209.5586052382,21.0362990619754,24.161529026323034,128.701354547409,80.04366666666668,10.492333333333333,0.9633333333333334,7.093666666666667,4.5515,70.04939,9.105,8.13,246.04069870700002,6.228499889
39,Bahrain,Middle East and North Africa,2010.5474358974334,23793.607805417432,70.8162076823101,0.8461538461538461,117.18206163176433,77.16166666666668,9.447666666666668,0.9313333333333333,0.6883333333333334,20.5435,65.87659,4.4399999999999995,6.989999999999999,233.254377117,6.227300167
40,Lithuania,Central and Eastern Europe,44.83254202766786,18532.09342886767,11.8532823587456,35.0929499918693,115.568696953447,75.72466666666666,12.999666666666668,1.0296666666666667,6.524000000000001,4.7755,66.68871,6.525,21.5758,228.6132721,6.215499878
41,Trinidad and Tobago,Latin America and Caribbean,270.88174139051335,16616.255115053897,24.1085684320503,44.64522417153997,141.74961088349067,73.37833333333333,11.028666666666666,1.0023333333333333,2.6306666666666665,31.3265,66.2278,6.975,8.58,288.33165777,6.191899776
42,Poland,Central and Eastern Europe,124.01886808569633,15021.789036194401,20.8778222190899,30.893929224685966,111.79159943279068,78.53733333333334,12.353333333333333,1.0076666666666665,4.068666666666666,8.963999999999999,68.66328,6.445,10.2543,195.06445431433335,6.186299801
43,Colombia,Latin America and Caribbean,44.73797296079317,6510.423179971996,16.5272102219124,53.664248159831736,136.326014835515,77.108,8.374333333333333,0.9893333333333333,9.23,1.9315,68.96494,7.66,4.036666666666667,239.76270862533332,6.163400173
44,Cyprus,Western Europe,128.698448773449,27940.669093628534,17.2944061994662,18.6764069264069,101.857951270698,80.82666666666667,12.148666666666665,0.9820000000000001,8.898666666666665,6.3405000000000005,72.41338,6.755,3.3666666666666667,55.18574173866667,6.15899992
45,Nicaragua,Latin America and Caribbean,53.72513434158773,2033.4771988217199,17.6141804489581,29.9778128635533,154.77757286654034,74.27766666666668,6.834666666666667,1.012,5.112333333333333,0.8614999999999999,65.46066,8.440000000000001,4.81,323.532496007,6.13710022
46,Romania,Central and Eastern Europe,84.65799287204449,12035.112419085199,14.6113401886611,30.1158292767733,118.981225929662,75.92133333333334,11.009,0.9886666666666667,4.363333333333333,3.8064999999999998,66.84969,5.355,7.623333333333332,110.72428380766667,6.123700142
47,Kuwait,Middle East and North Africa,231.95834268612066,31843.926344387568,60.7451595380732,0.350729517396184,125.464429820998,75.39966666666668,7.276,0.9766666666666667,2.018666666666667,23.884,70.08772,5.15,2.5733333333333337,129.155450536,6.102099895
48,Mauritius,Sub-Saharan Africa,623.2556650246307,10930.140385875167,14.4578273223582,19.0591133004926,128.22026314087034,74.86533333333334,9.43,0.9726666666666667,6.694333333333333,3.79,63.93715,5.775,8.843333333333334,185.9558092845,6.101299763
49,Kazakhstan,Commonwealth of Independent States,6.769628847649737,9624.26783678114,13.8242883553909,1.2579917768640967,178.86281112286133,73.188,11.813666666666668,0.992,4.771666666666667,16.617,64.98934,3.025,19.551533333333335,196.629691615,6.057899952
50,Estonia,Central and Eastern Europe,30.413764281880233,22278.901472763067,6.73212401545877,56.0938578329883,119.00679494506899,78.557,13.078666666666669,1.0166666666666666,5.413666666666667,14.462,69.23646,6.640000000000001,12.896799999999999,196.43871882500002,6.021800041
51,Philippines,Southeast Asia,357.67172753798167,3286.8989199154635,18.0697989132741,23.875015371544166,125.43363418283532,71.09233333333333,9.382,1.0053333333333334,2.346666666666667,1.256,61.99813,4.425000000000001,2.5833333333333335,183.75032853633334,6.006000042
52,Hungary,Central and Eastern Europe,107.14687340200167,15928.909729951667,15.9260481922424,22.527796040616565,117.93473033321901,76.693,11.913666666666666,0.9803333333333333,3.7543333333333333,5.119,67.1918,6.745,12.323866666666667,176.0064341306667,6.000400066
53,Thailand,Southeast Asia,135.88303548709132,7235.90254349465,26.2567265583447,39.0397150071444,112.34108197517666,76.92133333333334,7.813666666666666,1.0006666666666666,0.7833333333333333,4.1355,68.25786,3.81,7.78,543.3001610893334,5.998799801
54,Argentina,Latin America and Caribbean,16.2578425031699,12154.946383850567,13.311833946835,10.520129548225533,,76.52066666666667,10.690333333333333,0.9926666666666666,9.118666666666668,4.475,67.12776,10.04,8.606666666666667,206.36199406949999,5.974699974
55,Honduras,Latin America and Caribbean,85.68729406857926,2495.3324981208834,20.6288506487651,57.20940209133969,144.15096243598467,75.08533333333332,6.588333333333334,0.9756666666666666,5.520666666666666,1.025,62.98349,7.025,2.6300000000000003,210.62808452849998,5.953199863
56,Latvia,Central and Eastern Europe,31.044282911938367,17146.4987327228,13.4264575158321,54.80246648573327,113.79016040664067,75.17,13.012,1.0346666666666666,7.5489999999999995,3.7185,66.24867,6.1,15.831366666666666,184.88336772966667,5.949999809
57,Ecuador,Latin America and Caribbean,68.77566435818973,6243.987480760426,14.8861006610676,50.8389837332904,124.01579974384934,76.798,8.833333333333334,0.9756666666666667,3.778,2.4050000000000002,68.48179,8.2,8.353333333333333,223.60060360733334,5.925199986
58,Portugal,Western Europe,112.33077817658899,22773.071027724265,8.16075224791735,36.154994891142,110.01419185158068,81.854,9.231666666666667,0.9860000000000001,7.398000000000001,5.138999999999999,70.96024,9.370000000000001,7.526666666666666,128.541191496,5.910900116
59,Jamaica,Latin America and Caribbean,270.97500769467536,5266.530554614293,13.4041505299481,54.39673745767927,156.54254118709102,74.37166666666667,9.765,0.9899999999999999,9.58,2.7945,66.55019,6.1,2.2266666666666666,132.947543905,5.889800072
60,South Korea,East Asia,528.722003514038,32325.527988008234,25.0394253880491,64.67612739606133,114.30955399050299,82.83466666666666,12.204333333333333,0.935,3.8986666666666667,12.7055,73.05902,7.335,20.581533333333333,106.49812665266666,5.872399807
61,Japan,East Asia,347.12375674439835,39825.6211765387,11.7047781866642,68.4087791495199,104.813382551122,84.46333333333332,12.799999999999999,0.977,2.497,9.2265,74.09376,10.875,13.039133333333334,39.895814256,5.870800018
62,Peru,Latin America and Caribbean,24.985423437500003,6898.6377402041535,24.786728048654,56.77448437500001,127.42325779401101,76.51400000000001,9.642666666666665,0.9616666666666666,3.3866666666666667,1.7055,69.49626,5.115,2.736666666666667,290.22173004366664,5.796800137
63,Serbia,Central and Eastern Europe,79.8410587697233,6987.383045176332,24.7263581904237,31.123103895114,141.348700839147,75.84433333333334,11.170666666666667,0.9753333333333333,12.965333333333334,5.166,66.87982,8.385,5.348333333333334,124.05464640133333,5.77820015
64,Bolivia,Latin America and Caribbean,10.480044001353866,3483.9277557566797,21.5689865956858,47.31813901966217,145.45296862026933,71.23133333333334,8.983666666666666,0.9433333333333332,3.5673333333333335,1.9505,63.27023,6.395,6.986666666666667,159.763283394,5.747499943
65,Pakistan,South Asia,275.3129821329737,1411.89852881347,58.2824187715197,4.94056143628061,168.03722413107133,67.11033333333334,5.144333333333333,0.7386666666666667,4.160333333333334,1.035,56.86659,3.05,9.846666666666666,39.857169977,5.69329977
66,Paraguay,Latin America and Caribbean,17.50798389126607,5614.205947951387,11.9090808488171,41.9353972648712,139.46458225667502,74.12433333333333,8.478333333333333,0.9659999999999999,4.652666666666668,1.056,65.80192,6.65,6.13,212.28368284799998,5.692100048
67,Dominican Republic,Latin America and Caribbean,219.9628441316497,7980.704827361199,13.726321150433,44.047195197681596,129.11581598418934,73.887,7.998,0.9993333333333334,5.8053333333333335,2.33,63.97591,5.78,5.54,247.7105102635,5.689199924
68,Bosnia and Herzegovina,Central and Eastern Europe,64.95091796875,5861.46012327632,27.7476689647337,42.73261718749999,104.01894260122634,77.26333333333334,9.799,0.9333333333333332,19.117333333333335,6.509499999999999,67.18837,8.915,8.166666666666666,117.19973606933335,5.674099922
69,Moldova,Commonwealth of Independent States,94.30735271834652,4077.2484379941798,16.2510327081515,11.752411857037666,159.52195258493433,71.80833333333334,11.611333333333334,1.0133333333333334,4.183,1.224,64.53884,6.805,12.1606,175.46190419566665,5.607500076
70,Tajikistan,Commonwealth of Independent States,65.5718231380743,864.1452185534309,46.1521853683313,3.0415255662031337,,70.87533333333333,10.671,0.823,11.14133333333333,0.5914999999999999,62.00672,7.235,5.3,,5.555699825
71,Montenegro,Central and Eastern Europe,46.260916976456,8513.543447661554,20.7818135501738,61.4869888475836,115.473621236575,76.77233333333334,11.521666666666667,0.9653333333333333,15.376333333333335,3.215,66.97417,8.42,16.315166666666666,177.025109057,5.54610014
72,Russia,Commonwealth of Independent States,8.820994874681999,11168.445728763769,16.1602238064949,49.7843360788722,173.98044154477034,72.36833333333333,12.121333333333334,1.008333333333333,4.881,11.527999999999999,64.21381,5.33,23.136,386.46139975233336,5.546000004
73,Kyrgyzstan,Commonwealth of Independent States,32.98088286409453,1308.3139709968766,22.737768057102,6.667890545707333,153.73330003409401,71.32133333333333,10.953333333333333,0.9583333333333334,6.3933333333333335,1.5635,65.77573,6.36,8.81,173.9543936105,5.541500092
74,Belarus,Commonwealth of Independent States,46.50222684828703,6327.81699053901,18.7655799063811,43.05082638717756,482.91827543843965,74.57333333333334,12.292,1.0096666666666667,5.001666666666666,6.779999999999999,65.97392,5.699999999999999,17.63286666666667,353.9796113555,5.539899826
75,North Cyprus,Western Europe,,,,,,,,,,,,,,,5.53550005
76,Greece,Western Europe,83.29232738557023,19139.097021754063,16.2182663806558,30.269976726144296,101.56713295183533,82.07100000000001,10.543999999999999,0.9636666666666667,19.339333333333332,7.051500000000001,70.87168,7.845,3.686666666666666,99.98510942200001,5.514999866
77,Hong Kong S.A.R. of China,East Asia,7095.269841269844,47687.670582974795,,,131.10685589847535,84.68,12.244666666666667,0.9686666666666666,3.207333333333333,5.8815,,,,107.76244294466666,5.510399818
78,Croatia,Central and Eastern Europe,72.31917888908522,14722.872197583865,17.9017722884016,34.1775837898333,108.71808637556667,78.343,11.419666666666666,0.9896666666666668,8.858333333333333,4.475,68.62334,6.805,10.991933333333334,79.73367588233333,5.504700184
79,Libya,Middle East and North Africa,3.7958294023816834,7106.59068892545,54.2546817939319,0.123327687918433,,72.718,7.573333333333333,0.971,18.552666666666667,8.02,65.21575,,5.223333333333334,,5.488800049
80,Mongolia,East Asia,2.0354549512198603,4082.930934453463,40.1128490470476,9.102554678733549,182.99992022258402,69.68933333333332,10.192666666666666,1.0193333333333332,6.207999999999999,8.6755,60.28522,3.9,18.60366666666667,146.44892898266667,5.456200123
81,Malaysia,Southeast Asia,95.95949576421653,11024.069964610133,16.0358087060705,58.4822401460965,120.57712603455,75.99499999999999,10.231,0.9713333333333333,3.361333333333333,7.996,65.65654,3.735,5.640000000000001,196.94923237566664,5.384300232
82,Vietnam,Southeast Asia,308.111834961998,2549.08169405913,29.6267283386303,46.735543586932,158.73941376472865,75.31933333333333,8.24,0.9979999999999999,2.0196666666666667,2.058,65.29554,5.925,7.363333333333333,133.76922235633333,5.353499889
83,Indonesia,Southeast Asia,142.55463104945034,3955.5463777006803,16.5026533008949,49.71681600381496,146.69632856859866,71.50366666666666,8.040999999999999,0.9380000000000001,4.460999999999999,2.252,62.83141,2.87,2.5633333333333335,92.52638219700002,5.285600185
84,Ivory Coast,Sub-Saharan Africa,78.85037211740043,2233.8033031790196,25.8862663364222,9.630450733752623,112.30503259935834,57.40633333333333,5.224,0.819,3.266666666666667,0.331,54.8051,4.32,15.986233333333333,,5.233300209
85,Benin,Sub-Saharan Africa,101.87234835047896,1199.3115585877033,38.9999587632257,28.690581766583904,111.00600923923967,61.47133333333334,3.7496666666666667,0.8516666666666666,2.3590000000000004,0.62,55.51936,2.5650000000000004,12.931366666666667,69.806419399,5.21600008
86,Maldives,South Asia,1714.51,10139.346810797115,7.79582079890031,2.7333333333333294,136.42395558704368,78.62400000000001,6.885333333333333,0.9226666666666667,5.989333333333334,2.9695,69.95485,9.219999999999999,2.9299999999999997,373.087723963,5.197599888
87,Congo (Brazzaville),Sub-Saharan Africa,15.359265983406566,2382.1121095382064,46.6382202758892,64.35139092240117,122.48188035216401,64.27133333333333,6.507000000000001,0.9283333333333333,9.635,0.619,56.2464,2.54,11.714033333333333,,5.194399834
88,Azerbaijan,Commonwealth of Independent States,120.248801550508,4564.228381211603,19.9286636166698,13.413480956079866,153.099965886111,72.85566666666666,10.578666666666667,0.9403333333333332,5.136333333333334,3.71,63.64579,3.625,3.9333333333333336,221.765494852,5.164800167
89,Macedonia,Central and Eastern Europe,82.30786412899813,5876.540347588777,29.7269445083568,39.7101506740682,112.28166666666634,75.69233333333334,9.744666666666667,0.9493333333333333,20.292,3.5095,66.14368,6.585,7.2,,5.159800053
90,Ghana,Sub-Saharan Africa,130.82890920277768,2193.9256260601264,34.713514102152,35.0323459611497,259.80017296260166,63.770999999999994,7.184,0.908,4.236999999999999,0.6105,57.97876,3.435,10.879600000000002,49.7901034105,5.147999763
91,Nepal,South Asia,196.11000813858868,1140.6455211741302,99.7343737198505,41.5907220090687,179.76738723797732,70.47566666666667,4.856000000000001,0.9253333333333332,1.3843333333333334,0.3325,61.34199,5.665,9.696666666666667,71.403038978,5.137199879
92,Turkey,Middle East and North Africa,106.92850157434965,9721.843778048931,44.3115256776956,28.466137408018568,204.31707772795198,77.42933333333333,8.059666666666667,0.927,11.733000000000002,5.221500000000001,68.4146,4.15,2.283333333333333,319.17441451433336,5.131800175
93,China,East Asia,148.78348087778534,9622.055693468174,52.6645958291981,22.941737072647403,121.91002755895666,76.69466666666666,7.936,0.9586666666666667,4.345666666666666,6.987,68.52811,5.25,6.789999999999999,166.50706374,5.123899937
94,Turkmenistan,Commonwealth of Independent States,12.449132849573367,7055.500942360154,21.767720976212,8.78215904496414,,68.073,10.109333333333332,,3.857333333333333,13.178999999999998,62.11162,6.77,6.13,528.894776304,5.119100094
95,Bulgaria,Central and Eastern Europe,64.71611704740853,9230.754175481947,19.1491323370921,35.620854826823866,111.10953308258301,74.931,11.36,0.9946666666666667,5.238333333333333,6.493,66.28248,7.4,6.583333333333333,94.94006289100001,5.101500034
96,Morocco,Middle East and North Africa,80.72455896631563,3164.28231636706,32.5935414574286,12.820427216371634,110.18955830451166,76.45033333333333,5.558666666666667,0.8329999999999999,9.094666666666667,1.815,63.68608,5.275,7.286666666666666,234.2925644323333,5.094799995
97,Cameroon,Sub-Saharan Africa,53.351045390761065,1529.2612407801964,72.7930962237353,43.2664424277041,116.34459292347766,58.907333333333334,6.27,0.8676666666666666,3.3836666666666666,0.3245,54.51807,3.51,15.998800000000001,129.593378184,5.084899902
98,Venezuela,Latin America and Caribbean,32.804423785499665,,17.0085535697031,52.54348392948247,,72.14466666666667,10.312333333333335,1.0130000000000001,7.773333333333333,5.015000000000001,64.43692,4.89,2.1833333333333336,194.187701174,5.053199768
99,Algeria,Middle East and North Africa,17.728018145829733,4080.461683946267,38.8840106983002,0.8134105821469816,147.40328855611867,76.69066666666667,7.980333333333334,0.8596666666666667,11.860666666666667,3.6225,66.38806,6.3,2.5733333333333337,148.3768710486667,5.005099773
100,Senegal,Sub-Saharan Africa,82.35952838518669,1416.63977458894,40.6958258953758,42.321508336363166,107.82834941718467,67.66166666666668,3.079333333333333,0.8753333333333333,6.582,0.7364999999999999,59.36618,4.025,11.1733,69.6464416245,4.980800152
101,Guinea,Sub-Saharan Africa,50.53591350588747,956.2766399541318,26.062490198745,25.5127787725867,240.62045392530334,61.16366666666667,2.729333333333333,0.8163333333333332,4.287,0.255,53.32006,4.1,12.346666666666666,26.517461749,4.949299812
102,Niger,Sub-Saharan Africa,17.7247804005158,547.5316278282727,94.0538176774282,0.8719823162548354,110.10756219564934,62.01433333333333,2.0196666666666667,0.7256666666666666,0.47766666666666663,0.103,55.52364,7.495,10.1409,40.330311265,4.909599781
103,Laos,Southeast Asia,30.595010109763134,2553.36848888501,25.1095383439169,72.2032062391681,132.07738202911332,67.60233333333333,5.228000000000001,0.9256666666666667,0.6423333333333333,2.6785,60.51048,2.3899999999999997,6.12,,4.888599873
104,Albania,Central and Eastern Europe,104.550170316302,5071.447533363927,18.2006025215914,28.792001216545003,117.167089421321,78.45366666666666,10.085333333333333,0.9673333333333334,12.807,1.599,69.07545,5.135,3.923333333333334,185.41847188266664,4.882699966
105,Cambodia,Southeast Asia,92.04953168668327,1513.50281460679,25.6142918675755,47.471957851801506,127.43910934895166,69.55966666666666,4.884666666666667,0.9203333333333333,0.6706666666666666,0.633,61.50683,5.98,5.573333333333333,192.2534492355,4.848400116
106,Bangladesh,South Asia,1239.68222836803,1705.87999787619,60.8457845768598,14.468771606360898,170.35684134824533,72.32066666666667,6.114333333333334,0.8983333333333333,4.281,0.5125,64.29505,2.3099999999999996,3.76,53.70835404300001,4.832799911
107,Gabon,Sub-Saharan Africa,8.223263605904188,7652.146244404344,44.3855484644179,91.41289245934722,118.85291515733768,66.16533333333334,8.478,0.9153333333333333,19.931,2.5505,57.56165,2.7649999999999997,13.507399999999999,187.062352414,4.829299927
108,South Africa,Sub-Saharan Africa,47.63607481720237,6773.59904164809,25.1022049863671,14.115102754123766,152.53816116435934,63.84166666666666,10.212333333333333,0.9833333333333334,27.390666666666664,8.104,56.15329,8.18,24.570933333333333,280.668619837,4.814099789
109,Iraq,Middle East and North Africa,88.52702582341306,5627.310217035367,61.6362357139826,1.9003611837983303,119.63141820433499,70.44933333333333,7.226333333333333,0.7726666666666667,12.901333333333332,5.151,62.65887,4.12,4.930000000000001,,4.784800053
110,Lebanon,Middle East and North Africa,669.0938416422287,7818.740458400481,30.6211105076066,13.893450635386133,125.084933681701,78.87933333333334,8.706333333333333,0.8929999999999999,6.198999999999999,3.5305,65.96324,8.399999999999999,2.76,95.68179827300001,4.771500111
111,Burkina Faso,Sub-Saharan Africa,72.20526924951267,778.5373375365734,42.9355925055958,23.086257309941498,110.05677011453467,61.174,1.5863333333333334,0.8686666666666666,6.191333333333334,0.1965,54.86125,6.27,14.6374,39.551486548,4.768700123
112,Gambia,Sub-Saharan Africa,225.35204216073768,728.173904418985,33.9826385538147,25.1123188405797,161.79022661648602,61.74166666666667,3.794,0.8416666666666667,9.072999999999999,0.2665,57.03974,3.215,9.696666666666667,,4.750599861
113,Mali,Sub-Saharan Africa,15.639151006537233,867.956493052688,38.5266061638458,10.896663634352,109.83826433363868,58.885,2.332333333333333,0.8130000000000001,7.221333333333334,0.1865,54.62648,3.9899999999999998,7.993333333333333,,4.729300022
114,Nigeria,Sub-Saharan Africa,215.09694544176898,2075.40086632472,71.7981743753326,24.1043842023782,240.6288511509903,54.324000000000005,6.532666666666667,0.876,8.242666666666667,0.6465000000000001,54.39335,3.825,6.96,38.105858843,4.724100113
115,Armenia,Commonwealth of Independent States,103.66769699098467,4246.571499571786,32.5281183420597,11.5521601685985,126.90719620110667,74.944,11.302,0.9793333333333333,17.396999999999995,1.7934999999999999,67.11749,10.195,2.2466666666666666,90.64539646166666,4.676799774
116,Georgia,Commonwealth of Independent States,65.16856199773723,4592.590790384594,22.1960546181194,40.6159159591308,128.40727222222233,73.59466666666667,12.921,0.9793333333333333,14.040666666666667,2.6479999999999997,64.67918,7.085,7.8566666666666665,238.13042330633334,4.672599792
117,Iran,Middle East and North Africa,50.21979604116016,4077.8069963139665,38.9787602813703,6.586010216360914,426.128125765574,76.47666666666667,10.169666666666666,0.8686666666666666,11.840666666666666,8.655000000000001,66.25681,8.66,5.473333333333333,268.8145283966667,4.672399998
118,Jordan,Middle East and North Africa,112.08552601937367,4315.0521543949835,33.0060811782318,1.09822031989187,123.196203712128,74.409,10.452,0.8736666666666667,14.929666666666668,2.4435000000000002,67.60002,7.955,1.93,160.43589513,4.633399963
119,Mozambique,Sub-Saharan Africa,37.51835796095187,490.45821945825793,21.2986954591341,47.3040506286189,176.80039100714268,60.10733333333334,3.5056666666666665,0.9066666666666667,3.262,0.2805,50.35741,8.155000000000001,23.156966666666666,63.475142771,4.623600006
120,Kenya,Sub-Saharan Africa,90.30448454393176,1780.0767528810566,28.5783742715702,6.327505827505827,180.9697885923513,66.31700000000001,6.534666666666666,0.9296666666666668,2.6573333333333333,0.36,57.67739,5.005,10.879100000000001,101.17694323633333,4.583000183
121,Namibia,Sub-Saharan Africa,2.97402170964464,5321.731147493771,25.3587653984573,8.236368715762369,152.09988377162233,63.368,6.94,1.008,20.57466666666667,1.7515,56.05523,8.12,14.158366666666666,,4.571100235
122,Ukraine,Commonwealth of Independent States,77.00356394317174,3133.3520551895267,20.3097758188675,16.703871492705535,259.34221146085537,71.95433333333334,11.405666666666667,1.0,9.063666666666665,5.052,64.30415,7.574999999999999,17.554100000000002,126.77271178999999,4.56069994
123,Liberia,Sub-Saharan Africa,50.03659330011076,701.230513884546,17.9841124551525,79.7130398671096,201.85440552573152,63.708333333333336,4.7139999999999995,0.8913333333333333,2.9166666666666665,0.3215,54.91364,7.45,7.45,48.681474496,4.557899952
124,Palestinian Territories,Middle East and North Africa,,,,,,,,,,,,,,22.774764189499997,4.552800179
125,Uganda,Sub-Saharan Africa,213.054736019682,772.0057571352007,50.4943213226178,12.070649644258268,169.19777310487066,62.953,6.029333333333334,0.8663333333333334,1.7939999999999998,0.136,58.20736,6.51,10.345866666666666,121.44287704199999,4.43200016
126,Chad,Sub-Saharan Africa,12.293882359169865,700.5466450407603,66.0292054967769,3.60228716645489,116.844239082514,53.976333333333336,2.4676666666666667,0.77,1.859,0.066,52.01738,4.25,13.519066666666667,56.209793038,4.422699928
127,Tunisia,Middle East and North Africa,74.43649588053553,3647.7746940596667,37.6559937453942,4.50354016477858,145.50106067719867,76.505,7.188,0.8993333333333333,15.62,2.698,66.89014,7.275,3.0933333333333333,194.587105893,4.392199993
128,Mauritania,Sub-Saharan Africa,4.272692345008246,1667.0394429057033,47.4229917763898,0.31409074738850634,131.69340873875998,64.69933333333334,4.614,0.859,9.529666666666666,0.601,59.7632,4.54,5.423333333333333,,4.374599934
129,Sri Lanka,South Asia,349.7292577359237,3996.1725578661667,11.0996172423996,34.2526913952643,150.94832690274833,76.81333333333333,10.612,0.9436666666666667,4.165666666666667,1.13,67.04655,3.785,13.268766666666666,97.49134207,4.327000141
130,Congo (Kinshasa),Sub-Saharan Africa,37.090407504613175,536.1994868702717,44.9092635986842,56.6189497364416,,60.358000000000004,6.759333333333333,0.8473333333333333,4.233999999999999,0.024,54.09277,3.73,12.280299999999999,,4.31099987
131,Swaziland,Sub-Saharan Africa,66.0700581395349,3978.6518779407033,17.1687873115117,28.787209302325603,161.51582220139497,59.303333333333335,6.819333333333334,0.9946666666666667,22.327333333333332,1.0659999999999998,50.05663,6.725,41.165366666666664,303.887970683,4.308100224
132,Myanmar,Southeast Asia,82.28080546577003,1224.1332426019499,35.5574529190767,44.6135970220132,155.77768226421531,66.85166666666667,4.993666666666666,0.9543333333333331,1.5406666666666666,0.483,60.85162,4.9399999999999995,3.0066666666666664,160.26774201400002,4.308000088
133,Comoros,Sub-Saharan Africa,447.2690309869243,1384.5492060747667,20.5468245996681,18.160487193265265,,64.11666666666666,4.994,0.89,4.337666666666666,0.2615,58.9462,4.62,8.506666666666668,25.2501758845,4.288599968
134,Togo,Sub-Saharan Africa,145.06300177728733,875.2069158906834,35.7313356081261,22.342158485015602,112.45086136611867,60.763,4.841666666666666,0.8243333333333333,2.081,0.432,56.18783,6.095,15.028233333333333,63.938334043,4.187200069
135,Ethiopia,Sub-Saharan Africa,96.72802357010126,798.602922321902,38.9787377576037,15.243600554654668,278.7831908940793,66.23733333333332,2.824333333333333,0.843,2.092,0.137,59.89373,3.4,9.540000000000001,,4.186200142
136,Madagascar,Sub-Saharan Africa,45.148464535350065,520.7429396881003,22.5422828750867,21.409837286581865,173.18281242592835,66.67733333333335,6.115333333333332,0.9496666666666665,1.7240000000000002,0.163,57.31128,5.15,9.25,88.473691577,4.165599823
137,Egypt,Middle East and North Africa,98.86793845329596,2666.8359518993534,86.9994520503272,0.0451855944547692,261.3473150622406,71.82366666666667,7.3260000000000005,0.8823333333333334,11.363,2.442,62.96765,5.29,3.39,,4.151400089
138,Sierra Leone,Sub-Saharan Africa,105.99327145100233,517.476221620452,21.6259466795766,35.665558326406234,204.63565779321002,54.30133333333333,3.6,0.8816666666666667,4.448333333333333,0.14,52.91975,16.34,11.129733333333334,59.7085984145,3.926399946
139,Burundi,Sub-Saharan Africa,435.26695223260634,240.2744701094317,38.8962679482295,10.8894080996885,184.72218497237031,61.241666666666674,3.1270000000000002,0.9966666666666667,1.454,0.047,55.58415,7.63,12.299533333333335,95.76744811200001,3.775300026
140,Zambia,Sub-Saharan Africa,23.346361936533967,1452.1886586810967,27.438034758712,60.78970213033086,195.922758904039,63.480999999999995,7.104,0.972,11.517000000000001,0.3025,54.40409,4.665,15.666300000000001,134.68085415,3.759399891
141,Haiti,Latin America and Caribbean,403.5876753749397,1387.0600656355434,15.0198243767223,12.827285921625531,183.837536034143,63.65,5.541999999999999,0.8770000000000001,13.702666666666666,0.2705,55.80462,7.885,11.3307,80.3631703945,3.720799923
142,Lesotho,Sub-Saharan Africa,69.44582784365393,1136.2669567442601,28.0286535158261,1.13702239789196,148.49382251891234,53.660666666666664,6.443666666666666,1.0173333333333332,23.83666666666667,1.2965,44.24282,9.114999999999998,92.28126666666667,,3.652800083
143,India,South Asia,454.92516096628,2026.1111892779866,90.8732104688993,24.091026809588367,166.63260825102032,69.41366666666667,6.468,0.8183333333333332,5.367999999999999,1.8984999999999999,60.33404,3.54,12.756233333333332,34.38351188066667,3.573299885
144,Malawi,Sub-Saharan Africa,192.48393791542935,547.5257064621393,23.5659214726087,24.668010182435296,380.36241749720335,63.778999999999996,4.63,0.9453333333333335,5.660666666666667,0.076,57.05909,9.485,11.097533333333333,80.2505324965,3.538000107
145,Yemen,Middle East and North Africa,53.97744568820196,861.205026055306,50.4560068932715,1.03983180862549,,66.104,3.1333333333333333,0.48633333333333334,13.021333333333333,0.3595,57.53111,,7.003333333333333,,3.527400017
146,Botswana,Sub-Saharan Africa,3.9777001393961835,7334.344983721553,23.094386181065,27.334533199230666,145.536666704867,69.22566666666667,9.431,0.996,17.683666666666667,3.046,53.88674,5.99,21.532733333333336,196.954662787,3.478899956
147,Tanzania,Sub-Saharan Africa,63.58818770226537,1044.5434026512032,29.0766405124356,52.70151275683,181.207484909569,64.98466666666667,6.045999999999999,0.945,2.001,0.222,58.46004,3.635,8.113333333333332,,3.476200104
148,Central African Republic,Sub-Saharan Africa,7.494931351461257,464.9208346670527,56.8284973827312,35.8968185174484,148.35707909878698,52.775,4.273333333333333,0.7993333333333333,3.6946666666666665,0.0645,46.37131,8.83,24.115233333333332,,3.475899935
149,Rwanda,Sub-Saharan Africa,498.7145926226187,792.034480173107,43.2102171630293,11.106607215241167,147.956300569408,68.687,4.346666666666667,0.9349999999999999,1.0366666666666668,0.091,60.20512,7.234999999999999,9.53,509.141170657,3.312299967
150,Zimbabwe,Sub-Saharan Africa,37.32789108612297,1268.85731793123,22.2516710932407,45.332092542329065,111.110312095498,61.165666666666674,8.395666666666665,0.9283333333333333,5.0696666666666665,0.847,53.06544,5.29,24.4492,137.118413104,3.299200058
151,South Sudan,Sub-Saharan Africa,17.379896698496037,,45.5775055664158,11.325559822191067,9581.35461545829,57.60633333333333,4.832666666666667,0.8410000000000001,12.276000000000002,0.1685,53.65878,7.385,6.583333333333333,,2.816600084
152,Afghanistan,South Asia,56.93399810066477,498.8425436087934,56.9108083545081,1.8509940875532298,147.34306616794467,64.48199999999999,3.8800000000000003,0.66,11.119666666666667,0.2505,53.94961,10.59,5.94,82.718352993,2.566900015
