Country,Regional Indicator,Population density (people per sq. km of land area),GDP per capita (current US$),"Unemployment, total (% of labour force)",Consumer price index (2010 = 100),Mean years of schooling (years),Life expectancy at birth (years),Healthy life expectancy (HALE) at birth (years),Current health expenditure (CHE) as percentage of gross domestic product (GDP) (%),Age-standardized suicide rates (per 100 000 population),Gender Development Index (GDI),"Person held per 100,000 population","Carbon dioxide emissions, production emissions per capita (tonnes)","PM2.5 air pollution, mean annual exposure (micrograms per cubic meter)",Forest area (% of land area),Happiness Index
Afghanistan,South Asia,56.93399810066478,498.8425436087934,11.119666666666667,147.34306616794467,3.88,64.48199999999999,53.94961,10.59,5.94,0.66,82.718352993,0.2505,56.910808354508106,1.8509940875532296,2.566900015
Albania,Central and Eastern Europe,104.550170316302,5071.447533363927,12.807,117.167089421321,10.085333333333333,78.45366666666666,69.07545,5.135,3.923333333333334,0.9673333333333334,185.41847188266664,1.599,18.2006025215914,28.792001216545003,4.882699966000001
Algeria,Middle East and North Africa,17.728018145829736,4080.461683946267,11.860666666666667,147.40328855611867,7.980333333333334,76.69066666666667,66.38806,6.3,2.5733333333333337,0.8596666666666667,148.3768710486667,3.6225,38.8840106983002,0.8134105821469816,5.005099773
Argentina,Latin America and Caribbean,16.2578425031699,12154.946383850569,9.118666666666668,141.82113954081638,10.690333333333333,76.52066666666667,67.12776,10.04,8.606666666666667,0.9926666666666666,206.3619940695,4.475,13.311833946835,10.520129548225533,5.974699974
Armenia,Commonwealth of Independent States,103.6676969909847,4246.571499571786,17.396999999999995,126.90719620110669,11.302,74.944,67.11749,10.195,2.2466666666666666,0.9793333333333332,90.64539646166666,1.7935,32.5281183420597,11.5521601685985,4.676799774
Australia,North America and ANZ,3.2479675039846496,55330.105177180936,5.385666666666666,117.79396462018732,12.697,83.281,70.93405,9.245,11.435533333333336,0.976,173.9147986195,16.921,8.55032440147794,17.421847577099367,7.222799778
Austria,Western Europe,107.11749474874769,49629.280186066964,5.0070000000000014,116.11186872861632,12.554666666666668,81.438,70.94293,10.355,10.787433333333334,0.965,101.57469064633335,7.84,12.477966730824802,47.163960252060136,7.294199944
Azerbaijan,Commonwealth of Independent States,120.248801550508,4564.228381211603,5.136333333333334,153.099965886111,10.578666666666667,72.85566666666666,63.645790000000005,3.625,3.9333333333333336,0.9403333333333332,221.76549485200002,3.71,19.9286636166698,13.413480956079864,5.164800167
Bahrain,Middle East and North Africa,2010.5474358974332,23793.607805417432,0.6883333333333334,117.18206163176431,9.447666666666667,77.16166666666669,65.87659000000001,4.44,6.989999999999998,0.9313333333333332,233.25437711700002,20.5435,70.8162076823101,0.8461538461538461,6.227300167
Bangladesh,South Asia,1239.68222836803,1705.8799978761901,4.281000000000001,170.35684134824533,6.114333333333334,72.32066666666667,64.29505,2.31,3.76,0.8983333333333333,53.708354043000014,0.5125,60.8457845768598,14.468771606360898,4.832799911
Belarus,Commonwealth of Independent States,46.50222684828703,6327.81699053901,5.001666666666666,482.9182754384397,12.292,74.57333333333334,65.97391999999999,5.699999999999998,17.632866666666672,1.0096666666666667,353.9796113555,6.7799999999999985,18.765579906381102,43.050826387177565,5.539899826
Belgium,Western Europe,377.4900044033464,46066.7849303819,6.207666666666667,115.23032847675766,12.024666666666667,81.46766666666667,70.55695,10.365,14.2807,0.973,87.9670390415,8.6115,12.886518471307198,22.764200792602402,6.863500117999999
Benin,Sub-Saharan Africa,101.87234835047896,1199.3115585877033,2.3590000000000004,111.00600923923969,3.7496666666666663,61.47133333333334,55.51936,2.5650000000000004,12.931366666666667,0.8516666666666666,69.80641939899999,0.62,38.999958763225706,28.690581766583904,5.21600008
Bolivia,Latin America and Caribbean,10.480044001353868,3483.92775575668,3.567333333333333,145.45296862026933,8.983666666666666,71.23133333333334,63.270230000000005,6.395,6.986666666666667,0.9433333333333332,159.76328339399998,1.9505,21.5689865956858,47.31813901966217,5.747499942999999
Bosnia and Herzegovina,Central and Eastern Europe,64.95091796875,5861.460123276321,19.11733333333333,104.01894260122634,9.799,77.26333333333334,67.18836999999999,8.915,8.166666666666666,0.9333333333333332,117.19973606933337,6.509499999999999,27.747668964733702,42.73261718749999,5.674099922000001
Botswana,Sub-Saharan Africa,3.977700139396184,7334.344983721553,17.683666666666667,145.536666704867,9.431000000000001,69.22566666666667,53.88674,5.99,21.532733333333336,0.996,196.95466278700002,3.0460000000000003,23.094386181065,27.334533199230666,3.4788999560000002
Brazil,Latin America and Caribbean,25.0595094123812,9325.870198001568,12.412999999999998,161.48015356466166,7.887666666666667,75.66933333333333,65.39831,9.49,6.37,0.9943333333333334,353.52897400300003,2.2075,12.706629474072402,59.699945203119405,6.375599861
Bulgaria,Central and Eastern Europe,64.71611704740853,9230.754175481949,5.238333333333333,111.10953308258301,11.36,74.931,66.28248,7.4,6.583333333333332,0.9946666666666668,94.94006289100001,6.492999999999999,19.1491323370921,35.620854826823866,5.101500034
Burkina Faso,Sub-Saharan Africa,72.20526924951267,778.5373375365733,6.191333333333334,110.05677011453469,1.5863333333333334,61.174,54.86125,6.27,14.6374,0.8686666666666666,39.551486548,0.1965,42.9355925055958,23.086257309941498,4.768700123
Burundi,Sub-Saharan Africa,435.26695223260634,240.2744701094317,1.454,184.72218497237031,3.127,61.24166666666667,55.58415,7.63,12.299533333333335,0.9966666666666668,95.76744811200001,0.047,38.8962679482295,10.889408099688499,3.775300026
Cambodia,Southeast Asia,92.04953168668327,1513.5028146067903,0.6706666666666666,127.43910934895166,4.884666666666667,69.55966666666666,61.50683000000001,5.98,5.573333333333332,0.9203333333333332,192.2534492355,0.633,25.6142918675755,47.47195785180151,4.8484001160000005
Cameroon,Sub-Saharan Africa,53.35104539076106,1529.2612407801964,3.3836666666666666,116.34459292347765,6.27,58.90733333333333,54.518069999999994,3.51,15.9988,0.8676666666666666,129.593378184,0.3245,72.79309622373529,43.266442427704106,5.084899902
Canada,North America and ANZ,4.134468822836348,45970.25749061457,5.911666666666666,114.42234306430099,13.332,82.31833333333333,71.25137,10.79,10.837166666666667,0.9886666666666668,107.74774863100001,15.4405,6.4283831325852505,38.70376257074733,7.23210001
Central African Republic,Sub-Saharan Africa,7.494931351461258,464.9208346670527,3.6946666666666665,148.35707909878695,4.273333333333333,52.775,46.37131,8.83,24.11523333333333,0.7993333333333333,118.63653055741973,0.0645,56.8284973827312,35.896818517448395,3.475899935
Chad,Sub-Saharan Africa,12.293882359169865,700.5466450407602,1.859,116.844239082514,2.4676666666666667,53.976333333333336,52.017379999999996,4.25,13.519066666666667,0.77,56.209793038,0.066,66.0292054967769,3.6022871664548903,4.422699928
Chile,Latin America and Caribbean,25.17337787748207,15209.5586052382,7.0936666666666675,128.701354547409,10.492333333333333,80.0436666666667,70.04939,9.105,8.13,0.9633333333333334,246.04069870700002,4.5515,21.0362990619754,24.161529026323038,6.228499889
China,East Asia,148.78348087778534,9622.055693468174,4.345666666666666,121.91002755895666,7.936,76.69466666666666,68.52811,5.25,6.789999999999999,0.9586666666666668,166.50706374,6.987,52.664595829198106,22.941737072647406,5.123899937
Colombia,Latin America and Caribbean,44.73797296079317,6510.4231799719955,9.23,136.326014835515,8.374333333333333,77.108,68.96494,7.66,4.036666666666667,0.9893333333333332,239.7627086253333,1.9315,16.5272102219124,53.66424815983174,6.163400172999999
Comoros,Sub-Saharan Africa,447.2690309869243,1384.5492060747667,4.337666666666666,418.5803076358342,4.994,64.11666666666666,58.9462,4.62,8.506666666666668,0.89,25.2501758845,0.2615,20.546824599668103,18.160487193265265,4.288599968
Congo (Brazzaville),Sub-Saharan Africa,15.359265983406566,2382.1121095382064,9.635,122.481880352164,6.5070000000000014,64.27133333333333,56.2464,2.54,11.714033333333333,0.9283333333333332,118.63653055741973,0.619,46.6382202758892,64.35139092240117,5.1943998339999995
Congo (Kinshasa),Sub-Saharan Africa,37.09040750461317,536.1994868702717,4.233999999999999,418.5803076358342,6.759333333333332,60.358,54.092769999999994,3.73,12.2803,0.8473333333333333,118.63653055741973,0.024,44.909263598684205,56.6189497364416,4.31099987
Costa Rica,Latin America and Caribbean,97.90415850633244,12468.275448448501,9.876,126.16821174550364,8.692,80.09633333333333,69.97371,7.445,6.7333333333333325,0.98,175.29730538650003,1.5955,15.7259203021082,58.796187491839675,7.121399879
Croatia,Central and Eastern Europe,72.31917888908522,14722.872197583865,8.858333333333333,108.7180863755667,11.419666666666664,78.343,68.62334,6.805,10.991933333333336,0.9896666666666668,79.73367588233333,4.475,17.901772288401602,34.1775837898333,5.504700184
Cyprus,Western Europe,128.698448773449,27940.66909362853,8.898666666666664,101.857951270698,12.148666666666665,80.82666666666667,72.41338,6.755,3.3666666666666667,0.982,55.18574173866667,6.3405000000000005,17.2944061994662,18.676406926406898,6.15899992
Czech Republic,Central and Eastern Europe,137.7153015596387,22572.028124305634,2.3553333333333333,113.5310278922533,12.697666666666667,79.22,68.78941,7.44,10.501566666666667,0.985,202.48435100466668,9.929,16.0712453523646,34.628946350922796,6.9109001160000005
Denmark,Western Europe,144.77531666666667,59659.254048820265,5.210333333333334,109.499151861441,12.611,80.78833333333334,71.03516,10.055,8.03,0.9816666666666666,63.578917098000005,6.061,10.029653438569401,15.663833333333335,7.645599842
Dominican Republic,Latin America and Caribbean,219.96284413164972,7980.704827361199,5.8053333333333335,129.11581598418934,7.997999999999999,73.887,63.97591,5.78,5.54,0.9993333333333334,247.7105102635,2.33,13.726321150433,44.047195197681596,5.6891999239999995
Ecuador,Latin America and Caribbean,68.77566435818973,6243.9874807604265,3.778,124.01579974384933,8.833333333333334,76.798,68.48179,8.2,8.353333333333332,0.9756666666666668,223.60060360733328,2.405,14.8861006610676,50.8389837332904,5.925199986
Egypt,Middle East and North Africa,98.86793845329595,2666.835951899353,11.363,261.3473150622406,7.326,71.82366666666667,62.96765,5.29,3.39,0.8823333333333334,182.25669342084723,2.4419999999999997,86.9994520503272,0.0451855944547692,4.151400089
El Salvador,Latin America and Caribbean,309.884395109395,4043.536705816741,4.167000000000002,110.772948917981,6.8900000000000015,73.096,64.87102,7.17,6.113333333333332,0.974,619.5843023065,1.1055,24.472292294692195,28.6138996138996,6.34829998
Estonia,Central and Eastern Europe,30.413764281880237,22278.901472763067,5.413666666666668,119.006794945069,13.078666666666667,78.557,69.23646,6.6400000000000015,12.8968,1.0166666666666666,196.438718825,14.462,6.73212401545877,56.0938578329883,6.0218000410000005
Ethiopia,Sub-Saharan Africa,96.72802357010126,798.602922321902,2.092,278.7831908940793,2.824333333333333,66.23733333333332,59.893730000000005,3.4,9.54,0.843,118.63653055741973,0.13699999999999998,38.9787377576037,15.243600554654668,4.186200142
Finland,Western Europe,18.146601079231367,48313.4367959024,7.532,111.17516112701134,12.805666666666667,81.73566666666667,70.99583,9.09,14.079100000000002,0.99,54.22686266966667,8.31,5.8613310008192805,73.7332192682285,7.808700085
France,Western Europe,122.52537239654198,40278.795929837186,8.961,108.58511206133001,11.437999999999999,82.54433333333334,72.08364,11.325,10.0346,0.9873333333333334,107.5492446396667,5.2715,11.814963616289301,31.204422553268433,6.663799762999999
Gabon,Sub-Saharan Africa,8.223263605904187,7652.1462444043445,19.930999999999997,118.85291515733769,8.478,66.16533333333334,57.56165,2.765,13.5074,0.9153333333333332,187.062352414,2.5505,44.385548464417894,91.4128924593472,4.829299927
Gambia,Sub-Saharan Africa,225.35204216073768,728.173904418985,9.073,161.79022661648602,3.7939999999999996,61.74166666666667,57.03974,3.215,9.696666666666667,0.8416666666666667,118.63653055741973,0.2665,33.982638553814695,25.1123188405797,4.750599861
Georgia,Commonwealth of Independent States,65.16856199773723,4592.590790384594,14.040666666666667,128.4072722222223,12.921,73.59466666666667,64.67918,7.085,7.856666666666666,0.9793333333333332,238.1304233063333,2.648,22.196054618119398,40.615915959130795,4.672599792
Germany,Western Europe,237.23749869981663,46429.12510328257,3.391,111.15132743502535,14.138666666666666,81.18299999999998,70.89113,11.375,8.356666666666667,0.9696666666666666,78.12519406966665,9.3925,12.028767360745,32.6839228017867,7.075799942000001
Ghana,Sub-Saharan Africa,130.82890920277768,2193.9256260601264,4.236999999999999,259.8001729626017,7.184,63.771,57.97876,3.435,10.879600000000002,0.9079999999999999,49.7901034105,0.6105,34.713514102152,35.032345961149694,5.1479997630000005
Greece,Western Europe,83.29232738557023,19139.097021754063,19.33933333333333,101.5671329518353,10.544,82.07100000000001,70.87168,7.845,3.686666666666666,0.9636666666666668,99.98510942200001,7.051500000000001,16.218266380655802,30.269976726144296,5.514999866
Guatemala,Latin America and Caribbean,152.539486126664,4523.702579513344,2.4410000000000003,137.86049951298202,6.519666666666668,74.05766666666666,62.30202,5.76,6.183333333333334,0.9416666666666664,143.2491840343333,1.0114999999999998,24.0706489340746,33.13736468831649,6.398900032
Guinea,Sub-Saharan Africa,50.53591350588747,956.2766399541317,4.287,240.6204539253033,2.729333333333333,61.16366666666667,53.32006,4.1,12.346666666666666,0.8163333333333332,26.517461749000002,0.255,26.062490198745,25.5127787725867,4.949299812
Haiti,Latin America and Caribbean,403.58767537493964,1387.0600656355434,13.702666666666666,183.837536034143,5.541999999999999,63.65,55.80461999999999,7.885,11.3307,0.8770000000000001,80.3631703945,0.2705,15.0198243767223,12.827285921625533,3.720799923
Honduras,Latin America and Caribbean,85.68729406857926,2495.3324981208834,5.520666666666666,144.1509624359847,6.588333333333334,75.08533333333331,62.98349,7.025,2.6300000000000003,0.9756666666666666,210.62808452849998,1.025,20.628850648765102,57.20940209133968,5.953199862999999
Hong Kong S.A.R. of China,East Asia,7095.269841269844,47687.6705829748,3.207333333333333,131.10685589847537,12.244666666666667,84.68,68.99152749999999,6.84,14.753583333333335,0.9686666666666666,107.76244294466666,5.8815,32.380412112739755,41.28229957424054,5.510399818
Hungary,Central and Eastern Europe,107.14687340200169,15928.909729951667,3.754333333333333,117.934730333219,11.913666666666666,76.693,67.1918,6.745,12.323866666666667,0.9803333333333332,176.0064341306667,5.119,15.926048192242401,22.527796040616565,6.000400066
Iceland,Western Europe,3.4998537244775294,71807.13843934036,2.7626666666666666,125.39641912972866,12.558000000000002,82.85666666666667,71.98051,8.405000000000001,10.977633333333333,0.9686666666666666,40.680056486999995,10.7955,6.4811472626574895,0.4971922700768987,7.504499912000001
India,South Asia,454.92516096628,2026.1111892779863,5.3679999999999986,166.63260825102032,6.468,69.41366666666667,60.33404,3.54,12.756233333333332,0.8183333333333332,34.383511880666674,1.8985,90.87321046889929,24.09102680958837,3.573299885
Indonesia,Southeast Asia,142.55463104945034,3955.54637770068,4.4609999999999985,146.69632856859866,8.040999999999999,71.50366666666666,62.83141,2.87,2.563333333333333,0.938,92.526382197,2.252,16.5026533008949,49.71681600381496,5.285600185
Iran,Middle East and North Africa,50.21979604116015,4077.8069963139674,11.840666666666666,426.12812576557405,10.169666666666666,76.47666666666667,66.25681,8.66,5.473333333333333,0.8686666666666666,268.8145283966667,8.655000000000001,38.9787602813703,6.586010216360913,4.672399998
Iraq,Middle East and North Africa,88.52702582341307,5627.310217035368,12.901333333333332,119.631418204335,7.226333333333333,70.44933333333333,62.65886999999999,4.12,4.9300000000000015,0.7726666666666667,182.25669342084723,5.151,61.6362357139826,1.9003611837983303,4.7848000530000006
Ireland,Western Europe,70.68778245512169,76519.0914107207,5.793333333333332,105.75222521817264,12.572666666666667,82.095,71.07451,7.04,9.133333333333333,0.9783333333333334,80.63837160199999,8.1135,8.20857673526837,11.235592974306867,7.093699932000001
Israel,Middle East and North Africa,410.5067775723967,42262.94348845717,4.024666666666668,107.282888052119,12.984333333333336,82.81733333333334,72.37872,7.51,5.123333333333333,0.973,232.796405403,7.757000000000001,21.381102240014602,6.469500924214421,7.128600121
Italy,Western Europe,203.12184968156865,33524.5235626558,10.569333333333333,109.76333925437667,10.312333333333333,83.34866666666666,71.91969,8.675,4.53,0.9686666666666666,100.30422234266666,5.6635,16.7507119446607,31.89726155077487,6.38740015
Ivory Coast,Sub-Saharan Africa,78.85037211740044,2233.80330317902,3.266666666666667,112.30503259935836,5.224,57.40633333333333,54.8051,4.32,15.986233333333333,0.8190000000000001,118.63653055741973,0.331,25.8862663364222,9.630450733752623,5.233300208999999
Jamaica,Latin America and Caribbean,270.97500769467536,5266.530554614294,9.58,156.54254118709102,9.765,74.37166666666667,66.55019,6.1,2.2266666666666666,0.99,132.947543905,2.7945,13.4041505299481,54.39673745767927,5.889800072000001
Japan,East Asia,347.12375674439835,39825.6211765387,2.497,104.813382551122,12.8,84.46333333333331,74.09376,10.875,13.039133333333336,0.977,39.895814256,9.2265,11.7047781866642,68.4087791495199,5.870800018
Jordan,Middle East and North Africa,112.08552601937369,4315.052154394984,14.929666666666668,123.196203712128,10.452,74.40899999999999,67.60002,7.955,1.93,0.8736666666666667,160.43589513,2.4435,33.0060811782318,1.09822031989187,4.6333999630000005
Kazakhstan,Commonwealth of Independent States,6.769628847649738,9624.26783678114,4.7716666666666665,178.86281112286133,11.813666666666668,73.188,64.98934,3.025,19.55153333333333,0.992,196.629691615,16.617,13.824288355390902,1.2579917768640967,6.0578999520000005
Kenya,Sub-Saharan Africa,90.30448454393176,1780.0767528810566,2.6573333333333333,180.9697885923513,6.534666666666666,66.31700000000001,57.67739,5.005,10.8791,0.9296666666666668,101.17694323633332,0.36,28.5783742715702,6.327505827505827,4.583000183
Kuwait,Middle East and North Africa,231.95834268612063,31843.926344387568,2.018666666666667,125.464429820998,7.276,75.39966666666669,70.08771999999999,5.15,2.5733333333333337,0.9766666666666668,129.15545053600002,23.884,60.7451595380732,0.35072951739618397,6.102099895
Kyrgyzstan,Commonwealth of Independent States,32.98088286409453,1308.3139709968766,6.3933333333333335,153.73330003409401,10.953333333333333,71.32133333333333,65.77573000000001,6.36,8.81,0.9583333333333334,173.9543936105,1.5635,22.737768057102,6.667890545707332,5.541500092000001
Laos,Southeast Asia,30.59501010976313,2553.3684888850103,0.6423333333333333,132.07738202911332,5.2280000000000015,67.60233333333333,60.51048,2.39,6.12,0.9256666666666667,213.73756515702084,2.6785,25.1095383439169,72.2032062391681,4.888599873
Latvia,Central and Eastern Europe,31.04428291193837,17146.4987327228,7.548999999999999,113.79016040664068,13.012,75.17,66.24866999999999,6.1,15.831366666666666,1.0346666666666666,184.88336772966667,3.7185,13.4264575158321,54.80246648573327,5.9499998089999995
Lebanon,Middle East and North Africa,669.0938416422288,7818.740458400481,6.198999999999999,125.08493368170099,8.706333333333333,78.87933333333334,65.96324,8.399999999999999,2.76,0.8929999999999999,95.681798273,3.5305,30.621110507606602,13.893450635386133,4.771500111
Lesotho,Sub-Saharan Africa,69.44582784365393,1136.26695674426,23.83666666666667,148.49382251891234,6.443666666666666,53.66066666666666,44.24282,9.114999999999998,92.28126666666668,1.0173333333333332,118.63653055741973,1.2965,28.0286535158261,1.13702239789196,3.6528000830000003
Liberia,Sub-Saharan Africa,50.03659330011076,701.2305138845461,2.9166666666666665,201.85440552573155,4.714,63.70833333333334,54.91364,7.45,7.45,0.8913333333333333,48.68147449600001,0.3215,17.9841124551525,79.7130398671096,4.557899952
Libya,Middle East and North Africa,3.795829402381683,7106.59068892545,18.552666666666667,160.47984670469074,7.573333333333332,72.718,65.21575,6.099285714285715,5.223333333333334,0.971,182.25669342084723,8.02,54.254681793931894,0.123327687918433,5.488800049
Lithuania,Central and Eastern Europe,44.832542027667856,18532.09342886767,6.524000000000001,115.568696953447,12.999666666666668,75.72466666666666,66.68871,6.525,21.5758,1.0296666666666667,228.6132721,4.7755,11.853282358745599,35.092949991869304,6.215499877999999
Luxembourg,Western Europe,250.2451303155003,113445.74216229767,5.489999999999998,113.20562987229636,12.234333333333336,82.10233333333333,71.55128,5.275,8.06,0.9753333333333334,103.39363591866669,15.7365,10.364637400443302,36.5020576131687,7.2375001910000005
Macedonia,Central and Eastern Europe,82.30786412899813,5876.540347588777,20.292,112.28166666666634,9.744666666666667,75.69233333333334,66.14368,6.585,7.2,0.9493333333333333,151.31548009154167,3.5095,29.7269445083568,39.7101506740682,5.1598000530000006
Madagascar,Sub-Saharan Africa,45.14846453535007,520.7429396881003,1.7240000000000002,173.18281242592838,6.115333333333332,66.67733333333335,57.311280000000004,5.15,9.25,0.9496666666666664,88.47369157700001,0.163,22.5422828750867,21.409837286581865,4.165599823
Malawi,Sub-Saharan Africa,192.4839379154293,547.5257064621393,5.660666666666668,380.36241749720335,4.63,63.779,57.059090000000005,9.485,11.097533333333333,0.9453333333333336,80.2505324965,0.076,23.5659214726087,24.6680101824353,3.538000107
Malaysia,Southeast Asia,95.95949576421651,11024.069964610131,3.361333333333333,120.57712603455,10.231,75.99499999999998,65.65654,3.735,5.6400000000000015,0.9713333333333332,196.9492323756666,7.996,16.0358087060705,58.482240146096494,5.384300232
Maldives,South Asia,1714.51,10139.346810797115,5.989333333333334,136.42395558704368,6.885333333333333,78.62400000000002,69.95485,9.22,2.93,0.9226666666666667,373.08772396300003,2.9695,7.795820798900309,2.7333333333333294,5.197599888
Mali,Sub-Saharan Africa,15.639151006537233,867.956493052688,7.221333333333334,109.83826433363869,2.332333333333333,58.885,54.62648000000001,3.99,7.993333333333332,0.8130000000000001,118.63653055741973,0.1865,38.5266061638458,10.896663634352,4.729300021999999
Malta,Western Europe,1517.3864583333332,29703.061993620202,3.73,111.80471133689369,11.300666666666665,82.37566666666667,71.45852,9.08,5.1433333333333335,0.9666666666666668,150.24380722200002,3.639,13.9095433663149,1.3958333333333333,6.772799968999999
Mauritania,Sub-Saharan Africa,4.272692345008246,1667.039442905703,9.529666666666666,131.69340873875998,4.614,64.69933333333334,59.7632,4.54,5.423333333333333,0.8590000000000001,118.63653055741973,0.601,47.4229917763898,0.31409074738850634,4.374599934
Mauritius,Sub-Saharan Africa,623.2556650246307,10930.14038587517,6.694333333333333,128.22026314087034,9.43,74.86533333333334,63.93715,5.775,8.843333333333334,0.9726666666666668,185.95580928450002,3.79,14.457827322358199,19.0591133004926,6.101299762999999
Mexico,Latin America and Caribbean,64.9097005238475,9641.761531454491,3.3760000000000003,136.105658053017,8.656,74.99633333333334,65.75757,5.445,5.513333333333333,0.961,157.73980657233332,3.866,20.9211157874081,33.924541954954236,6.465000152999999
Moldova,Commonwealth of Independent States,94.30735271834652,4077.24843799418,4.183,159.5219525849343,11.611333333333334,71.80833333333334,64.53884000000001,6.805,12.1606,1.0133333333333334,175.46190419566662,1.224,16.2510327081515,11.752411857037664,5.607500076
Mongolia,East Asia,2.0354549512198603,4082.930934453463,6.207999999999998,182.999920222584,10.192666666666666,69.68933333333332,60.285219999999995,3.9,18.603666666666673,1.0193333333333332,146.44892898266667,8.6755,40.112849047047604,9.102554678733547,5.4562001229999995
Montenegro,Central and Eastern Europe,46.260916976456,8513.543447661554,15.376333333333335,115.473621236575,11.521666666666668,76.77233333333334,66.97417,8.42,16.315166666666666,0.9653333333333332,177.025109057,3.215,20.7818135501738,61.486988847583596,5.54610014
Morocco,Middle East and North Africa,80.72455896631563,3164.28231636706,9.094666666666667,110.18955830451166,5.558666666666667,76.45033333333333,63.686080000000004,5.275,7.286666666666666,0.8329999999999999,234.2925644323333,1.815,32.5935414574286,12.820427216371634,5.094799995
Mozambique,Sub-Saharan Africa,37.51835796095187,490.45821945825793,3.262,176.80039100714268,3.5056666666666665,60.10733333333334,50.357409999999994,8.155000000000001,23.156966666666666,0.9066666666666668,63.475142771,0.2805,21.298695459134102,47.304050628618896,4.623600006
Myanmar,Southeast Asia,82.28080546577003,1224.13324260195,1.5406666666666666,155.77768226421531,4.993666666666666,66.85166666666667,60.85162,4.94,3.0066666666666664,0.9543333333333331,160.26774201400002,0.483,35.5574529190767,44.61359702201321,4.308000088
Namibia,Sub-Saharan Africa,2.97402170964464,5321.731147493771,20.574666666666673,152.0998837716223,6.94,63.368,56.05523,8.12,14.158366666666666,1.008,118.63653055741973,1.7515,25.358765398457304,8.236368715762369,4.571100235
Nepal,South Asia,196.11000813858868,1140.6455211741302,1.3843333333333334,179.7673872379773,4.856000000000001,70.47566666666667,61.34199,5.665,9.696666666666667,0.9253333333333332,71.403038978,0.3325,99.7343737198505,41.590722009068706,5.137199879
Netherlands,Western Europe,511.9076725076727,51349.964961925965,3.955,113.294573290752,12.345999999999998,82.14233333333333,71.43514,10.015,9.323333333333332,0.9666666666666668,66.04461840766669,9.5685,12.034408072923698,10.9187209187209,7.448900223
New Zealand,North America and ANZ,18.601015279834897,43018.060513526325,4.356333333333333,112.43753671471,12.712666666666667,82.14566666666667,70.23531,9.115,11.032333333333336,0.9640000000000001,209.59882215566662,7.4955,5.956001129415621,37.435620877799295,7.2996001239999995
Nicaragua,Latin America and Caribbean,53.725134341587726,2033.4771988217199,5.112333333333333,154.77757286654034,6.834666666666667,74.27766666666669,65.46066,8.440000000000001,4.81,1.012,323.532496007,0.8614999999999999,17.614180448958102,29.9778128635533,6.13710022
Niger,Sub-Saharan Africa,17.7247804005158,547.5316278282727,0.4776666666666666,110.10756219564934,2.0196666666666667,62.01433333333333,55.52364,7.495,10.1409,0.7256666666666666,40.330311265,0.10300000000000001,94.05381767742821,0.8719823162548354,4.909599781
Nigeria,Sub-Saharan Africa,215.09694544176895,2075.40086632472,8.242666666666667,240.6288511509903,6.5326666666666675,54.32400000000001,54.39335,3.825,6.96,0.8759999999999999,38.105858843,0.6465000000000001,71.7981743753326,24.104384202378203,4.724100113
Norway,Western Europe,14.549638434733634,77863.5484192587,3.769333333333333,117.512743944741,12.842999999999998,82.27233333333334,71.36238,10.185,10.139,0.9903333333333334,74.8201041185,8.2775,6.95651980294718,33.31681941791709,7.487999916000001
Pakistan,South Asia,275.3129821329737,1411.8985288134697,4.160333333333334,168.03722413107133,5.144333333333333,67.11033333333334,56.86659,3.05,9.846666666666666,0.7386666666666667,39.857169977,1.035,58.2824187715197,4.9405614362806105,5.69329977
Panama,Latin America and Caribbean,56.32127747062646,15488.554177021468,3.8986666666666667,122.0500705448883,10.193333333333333,78.32933333333334,68.6833,7.085,2.9966666666666666,1.0119999999999998,394.934337189,2.5775,11.400054332155399,57.13031834710353,6.304800033999999
Paraguay,Latin America and Caribbean,17.50798389126607,5614.205947951386,4.652666666666668,139.46458225667502,8.478333333333332,74.12433333333333,65.80192,6.65,6.13,0.966,212.28368284799998,1.056,11.909080848817101,41.9353972648712,5.6921000479999995
Peru,Latin America and Caribbean,24.985423437500003,6898.637740204154,3.3866666666666667,127.42325779401101,9.642666666666663,76.51400000000002,69.49625999999999,5.115,2.736666666666667,0.9616666666666666,290.2217300436666,1.7055,24.786728048654,56.77448437500001,5.796800137000001
Philippines,Southeast Asia,357.6717275379817,3286.8989199154635,2.3466666666666667,125.4336341828353,9.382,71.09233333333333,61.99813,4.425000000000002,2.583333333333333,1.0053333333333334,183.7503285363333,1.256,18.069798913274102,23.87501537154417,6.006000042
Poland,Central and Eastern Europe,124.01886808569631,15021.7890361944,4.068666666666666,111.79159943279068,12.353333333333332,78.53733333333334,68.66328,6.445,10.2543,1.0076666666666665,195.06445431433332,8.963999999999997,20.8778222190899,30.89392922468597,6.1862998010000005
Portugal,Western Europe,112.33077817658899,22773.07102772426,7.3980000000000015,110.01419185158069,9.231666666666667,81.854,70.96024,9.37,7.526666666666666,0.986,128.541191496,5.1389999999999985,8.16075224791735,36.154994891142,5.9109001160000005
Romania,Central and Eastern Europe,84.65799287204449,12035.1124190852,4.363333333333333,118.981225929662,11.009,75.92133333333334,66.84969,5.355,7.623333333333332,0.9886666666666668,110.72428380766668,3.8065,14.611340188661098,30.1158292767733,6.123700142000001
Russia,Commonwealth of Independent States,8.820994874681999,11168.445728763767,4.881,173.98044154477034,12.121333333333334,72.36833333333333,64.21381,5.33,23.136,1.008333333333333,386.46139975233336,11.528,16.1602238064949,49.7843360788722,5.546000004
Rwanda,Sub-Saharan Africa,498.71459262261874,792.034480173107,1.0366666666666668,147.956300569408,4.346666666666667,68.687,60.205119999999994,7.2349999999999985,9.53,0.935,509.141170657,0.091,43.2102171630293,11.106607215241167,3.312299967
Saudi Arabia,Middle East and North Africa,15.672409975391801,22426.42728124107,5.952333333333333,119.1203745936353,10.178333333333336,75.00066666666667,64.01756,6.68,5.580000000000001,0.8823333333333333,147.73614611666667,18.78,87.94544667781521,0.45448413492177897,6.406499863
Senegal,Sub-Saharan Africa,82.35952838518669,1416.63977458894,6.582000000000001,107.8283494171847,3.079333333333333,67.66166666666668,59.36618000000001,4.025,11.1733,0.8753333333333333,69.6464416245,0.7364999999999999,40.6958258953758,42.32150833636317,4.980800152
Serbia,Central and Eastern Europe,79.8410587697233,6987.3830451763315,12.965333333333335,141.348700839147,11.170666666666667,75.84433333333334,66.87982,8.385,5.348333333333334,0.9753333333333332,124.05464640133331,5.166,24.7263581904237,31.123103895114003,5.77820015
Sierra Leone,Sub-Saharan Africa,105.99327145100231,517.476221620452,4.448333333333333,204.63565779321,3.6,54.30133333333333,52.91975,16.34,11.129733333333334,0.8816666666666667,59.708598414499995,0.14,21.6259466795766,35.665558326406234,3.926399946
Singapore,Southeast Asia,7971.085096379877,64498.73693321008,4.109333333333334,113.811479603673,11.549333333333333,83.45233333333333,73.55164,4.44,8.22,0.986,207.08400345200002,7.103,19.078256499753397,22.468265162200264,6.377099991000001
Slovakia,Central and Eastern Europe,113.2844564614533,18726.262651798897,6.742666666666668,112.42493116765533,12.646,77.38233333333334,68.53625,6.73,9.43,0.9923333333333332,188.7559750156667,6.6105,17.562911343852697,40.05615640599,6.280600071
Slovenia,Central and Eastern Europe,103.10503303334131,25167.6674296869,5.2890000000000015,109.24086581615366,12.466,81.16933333333333,70.73966,8.245000000000001,13.681633333333332,1.0026666666666666,65.105618428,6.9064999999999985,16.0239799760869,61.67247689154783,6.363399982000001
South Africa,Sub-Saharan Africa,47.63607481720237,6773.59904164809,27.390666666666664,152.53816116435934,10.212333333333332,63.84166666666666,56.153290000000005,8.18,24.57093333333333,0.9833333333333334,280.668619837,8.104,25.102204986367102,14.115102754123766,4.814099789
South Korea,East Asia,528.722003514038,32325.527988008238,3.8986666666666663,114.309553990503,12.204333333333333,82.83466666666666,73.05901999999999,7.335,20.581533333333333,0.935,106.49812665266667,12.7055,25.039425388049104,64.67612739606132,5.872399807000001
South Sudan,Sub-Saharan Africa,17.379896698496033,2015.5339740559054,12.276000000000002,9581.354615458291,4.832666666666666,57.60633333333333,53.65878000000001,7.385,6.583333333333332,0.8410000000000001,118.63653055741973,0.1685,45.577505566415795,11.32555982219107,2.8166000839999996
Spain,Western Europe,93.76085376360113,29335.2180129631,15.479333333333335,109.84251643012834,10.229333333333336,83.43233333333333,72.08695999999999,8.96,5.4766666666666675,0.9823333333333334,125.79816900066663,5.814,9.697927862849529,37.158038096673295,6.4008998870000005
Sri Lanka,South Asia,349.7292577359237,3996.172557866167,4.165666666666667,150.9483269027483,10.612,76.81333333333333,67.04655,3.785,13.268766666666664,0.9436666666666668,97.49134207,1.13,11.0996172423996,34.2526913952643,4.327000141
Swaziland,Sub-Saharan Africa,66.07005813953491,3978.6518779407033,22.327333333333332,161.51582220139497,6.819333333333334,59.30333333333334,50.05663,6.725,41.16536666666666,0.9946666666666668,303.887970683,1.0659999999999998,17.1687873115117,28.787209302325607,4.3081002239999995
Sweden,Western Europe,24.970169322301636,53439.99962014333,6.513333333333333,108.52437457583369,12.466666666666667,82.6566666666667,71.91155,10.845,12.5188,0.9823333333333334,61.979627217666675,4.1795,6.18466509039924,68.6946060739977,7.353499889
Switzerland,Western Europe,215.45221858909733,85025.00435605018,4.697,99.00023672611609,13.288333333333336,83.62766666666667,72.52425,11.89,10.0261,0.9676666666666668,77.20603376300001,4.4195,10.3031001048906,31.94222698990764,7.559899807000001
Tajikistan,Commonwealth of Independent States,65.5718231380743,864.1452185534309,11.14133333333333,201.8637140550439,10.671,70.87533333333333,62.006719999999994,7.235,5.3,0.823,249.26958032430002,0.5914999999999999,46.152185368331295,3.0415255662031337,5.555699825
Tanzania,Sub-Saharan Africa,63.588187702265365,1044.5434026512032,2.001,181.20748490956902,6.0459999999999985,64.98466666666667,58.46004,3.635,8.113333333333333,0.945,118.63653055741973,0.222,29.076640512435603,52.70151275683,3.4762001039999997
Thailand,Southeast Asia,135.88303548709132,7235.90254349465,0.7833333333333333,112.34108197517666,7.813666666666666,76.92133333333334,68.25786,3.81,7.78,1.0006666666666666,543.3001610893333,4.1355,26.2567265583447,39.0397150071444,5.9987998010000005
Togo,Sub-Saharan Africa,145.0630017772873,875.2069158906835,2.081,112.45086136611867,4.841666666666666,60.763000000000005,56.187830000000005,6.095,15.028233333333333,0.8243333333333333,63.938334043000005,0.43200000000000005,35.7313356081261,22.342158485015602,4.187200069
Trinidad and Tobago,Latin America and Caribbean,270.8817413905133,16616.255115053897,2.6306666666666665,141.7496108834907,11.028666666666664,73.37833333333333,66.2278,6.975,8.58,1.0023333333333333,288.33165777,31.3265,24.1085684320503,44.645224171539965,6.1918997760000005
Tunisia,Middle East and North Africa,74.43649588053553,3647.7746940596667,15.62,145.5010606771987,7.188,76.505,66.89014,7.275,3.0933333333333333,0.8993333333333333,194.587105893,2.698,37.6559937453942,4.50354016477858,4.392199993
Turkey,Middle East and North Africa,106.92850157434964,9721.843778048931,11.733000000000002,204.317077727952,8.059666666666667,77.42933333333333,68.4146,4.15,2.283333333333333,0.927,319.17441451433336,5.221500000000002,44.3115256776956,28.46613740801857,5.131800175
Turkmenistan,Commonwealth of Independent States,12.449132849573367,7055.500942360154,3.857333333333333,201.8637140550439,10.109333333333332,68.07300000000001,62.111619999999995,6.77,6.13,0.9674242424242423,528.8947763040001,13.178999999999998,21.767720976212,8.78215904496414,5.119100093999999
Uganda,Sub-Saharan Africa,213.054736019682,772.0057571352008,1.7939999999999998,169.19777310487066,6.029333333333334,62.953,58.207359999999994,6.51,10.345866666666666,0.8663333333333334,121.442877042,0.136,50.4943213226178,12.070649644258268,4.43200016
Ukraine,Commonwealth of Independent States,77.00356394317173,3133.352055189527,9.063666666666665,259.34221146085537,11.405666666666667,71.95433333333334,64.30415,7.574999999999998,17.554100000000002,1.0,126.77271179,5.052,20.3097758188675,16.703871492705535,4.56069994
United Arab Emirates,Middle East and North Africa,135.58949591664336,42395.1862407819,2.3466666666666667,114.869118075394,12.111,77.81033333333333,65.99278000000001,4.1850000000000005,5.01,0.9283333333333332,182.25669342084723,21.2165,40.9175098248731,4.46775556181357,6.790800095
United Kingdom,Western Europe,274.673845051599,42525.068637900265,4.060666666666666,117.3817890389,13.027666666666667,81.24133333333333,70.13490999999999,9.915,7.066666666666666,0.9686666666666666,141.14548665249995,5.7255,10.472690388894199,13.1153639482495,7.164500237
United States,North America and ANZ,35.72192231980896,62817.86772060536,3.9776666666666673,114.93768533444235,13.413000000000002,78.85733333333333,66.11825999999999,16.945,14.338033333333335,0.994,647.2324849776668,16.386000000000006,7.40944166188307,33.8669264120375,6.939599991000001
Uruguay,Latin America and Caribbean,19.707587704262366,18360.923046759635,8.318999999999999,188.60609174730962,8.834333333333333,77.77066666666666,67.50924,9.36,18.739533333333327,1.016,317.411619497,1.9815,9.27488332030728,11.364415495371967,6.440100192999999
Uzbekistan,Commonwealth of Independent States,74.84702825887423,1765.9475983868801,5.8276666666666666,201.8637140550439,11.756333333333332,71.56366666666669,64.68004,5.1850000000000005,8.643333333333333,0.938,249.26958032430002,2.8645,28.455901201855998,8.257518848724766,6.257599831
Venezuela,Latin America and Caribbean,32.804423785499665,8287.383552017835,7.7733333333333325,141.82113954081638,10.312333333333337,72.14466666666667,64.43692,4.89,2.1833333333333336,1.013,194.187701174,5.0150000000000015,17.0085535697031,52.54348392948247,5.053199768
Vietnam,Southeast Asia,308.111834961998,2549.08169405913,2.0196666666666667,158.73941376472862,8.24,75.31933333333333,65.29554,5.925,7.363333333333332,0.998,133.7692223563333,2.0580000000000003,29.6267283386303,46.735543586932,5.353499889
Yemen,Middle East and North Africa,53.97744568820196,861.2050260553059,13.021333333333333,160.47984670469074,3.1333333333333333,66.104,57.53111,6.099285714285715,7.003333333333333,0.4863333333333333,182.25669342084723,0.3595,50.45600689327151,1.0398318086254899,3.5274000169999997
Zambia,Sub-Saharan Africa,23.34636193653397,1452.1886586810967,11.517,195.922758904039,7.104,63.481,54.404090000000004,4.665,15.6663,0.972,134.68085415,0.3025,27.438034758712,60.78970213033086,3.759399891
Zimbabwe,Sub-Saharan Africa,37.32789108612297,1268.85731793123,5.0696666666666665,111.110312095498,8.395666666666665,61.16566666666667,53.06544,5.29,24.4492,0.9283333333333332,137.11841310399998,0.847,22.2516710932407,45.332092542329065,3.2992000580000003
